WITH_RLS,CARTESIAN,1,user1,P19,dbo.p19_part_supplier_europe,p_partkey,part,71,71,37652,242,,Mr,2.sql,"part,partsupp"
WITH_RLS,CARTESIAN,2,user1,P19,dbo.p19_part_supplier_europe,p_partkey,part,70,70,37652,242,,Mr,2.sql,"part,partsupp"
WITH_RLS,CARTESIAN,3,user1,P19,dbo.p19_part_supplier_europe,p_partkey,part,82,82,37652,242,,Mr,2.sql,"part,partsupp"
WITH_RLS,CARTESIAN,4,user1,P19,dbo.p19_part_supplier_europe,p_partkey,part,82,81,37652,242,,Mr,2.sql,"part,partsupp"
WITH_RLS,CARTESIAN,5,user1,P19,dbo.p19_part_supplier_europe,p_partkey,part,72,72,37652,242,,Mr,2.sql,"part,partsupp"
NO_RLS,CARTESIAN,1,user1,P19,dbo.p19_part_supplier_europe,p_partkey,part,95,16,28058,476,,Mr,2.sql,"part,partsupp"
NO_RLS,CARTESIAN,2,user1,P19,dbo.p19_part_supplier_europe,p_partkey,part,164,25,28061,476,,Mr,2.sql,"part,partsupp"
NO_RLS,CARTESIAN,3,user1,P19,dbo.p19_part_supplier_europe,p_partkey,part,152,24,28064,476,,Mr,2.sql,"part,partsupp"
NO_RLS,CARTESIAN,4,user1,P19,dbo.p19_part_supplier_europe,p_partkey,part,157,25,28061,476,,Mr,2.sql,"part,partsupp"
NO_RLS,CARTESIAN,5,user1,P19,dbo.p19_part_supplier_europe,p_partkey,part,143,22,28064,476,,Mr,2.sql,"part,partsupp"
WITH_RLS,CARTESIAN,1,user1,P20,dbo.p20_part_avg_supplycost,p_partkey,part,71,11,27175,0,,Mr,2.sql,"part,partsupp"
WITH_RLS,CARTESIAN,2,user1,P20,dbo.p20_part_avg_supplycost,p_partkey,part,104,18,27163,0,,Mr,2.sql,"part,partsupp"
WITH_RLS,CARTESIAN,3,user1,P20,dbo.p20_part_avg_supplycost,p_partkey,part,122,17,27187,0,,Mr,2.sql,"part,partsupp"
WITH_RLS,CARTESIAN,4,user1,P20,dbo.p20_part_avg_supplycost,p_partkey,part,174,23,27187,0,,Mr,2.sql,"part,partsupp"
WITH_RLS,CARTESIAN,5,user1,P20,dbo.p20_part_avg_supplycost,p_partkey,part,158,22,27151,0,,Mr,2.sql,"part,partsupp"
NO_RLS,CARTESIAN,1,user1,P20,dbo.p20_part_avg_supplycost,p_partkey,part,97,16,28058,476,,Mr,2.sql,"part,partsupp"
NO_RLS,CARTESIAN,2,user1,P20,dbo.p20_part_avg_supplycost,p_partkey,part,165,27,28073,476,,Mr,2.sql,"part,partsupp"
NO_RLS,CARTESIAN,3,user1,P20,dbo.p20_part_avg_supplycost,p_partkey,part,196,27,28070,476,,Mr,2.sql,"part,partsupp"
NO_RLS,CARTESIAN,4,user1,P20,dbo.p20_part_avg_supplycost,p_partkey,part,148,24,28061,476,,Mr,2.sql,"part,partsupp"
NO_RLS,CARTESIAN,5,user1,P20,dbo.p20_part_avg_supplycost,p_partkey,part,154,23,28067,476,,Mr,2.sql,"part,partsupp"
WITH_RLS,CARTESIAN,1,user1,P31,dbo.p31_part_no_large_quantity,p_partkey,part,11918,11895,18127479,476,,Mr,2.sql,"part,partsupp"
WITH_RLS,CARTESIAN,2,user1,P31,dbo.p31_part_no_large_quantity,p_partkey,part,11840,11849,18127473,476,,Mr,2.sql,"part,partsupp"
WITH_RLS,CARTESIAN,3,user1,P31,dbo.p31_part_no_large_quantity,p_partkey,part,11838,11809,18127491,476,,Mr,2.sql,"part,partsupp"
WITH_RLS,CARTESIAN,4,user1,P31,dbo.p31_part_no_large_quantity,p_partkey,part,11923,11888,18127497,476,,Mr,2.sql,"part,partsupp"
WITH_RLS,CARTESIAN,5,user1,P31,dbo.p31_part_no_large_quantity,p_partkey,part,12041,11976,18127482,476,,Mr,2.sql,"part,partsupp"
NO_RLS,CARTESIAN,1,user1,P31,dbo.p31_part_no_large_quantity,p_partkey,part,88,15,28052,476,,Mr,2.sql,"part,partsupp"
NO_RLS,CARTESIAN,2,user1,P31,dbo.p31_part_no_large_quantity,p_partkey,part,214,31,28061,476,,Mr,2.sql,"part,partsupp"
NO_RLS,CARTESIAN,3,user1,P31,dbo.p31_part_no_large_quantity,p_partkey,part,142,23,28061,476,,Mr,2.sql,"part,partsupp"
NO_RLS,CARTESIAN,4,user1,P31,dbo.p31_part_no_large_quantity,p_partkey,part,155,24,28061,476,,Mr,2.sql,"part,partsupp"
NO_RLS,CARTESIAN,5,user1,P31,dbo.p31_part_no_large_quantity,p_partkey,part,141,22,28064,476,,Mr,2.sql,"part,partsupp"
WITH_RLS,CARTESIAN,1,user1,P26,dbo.p26_part_many_suppliers,p_partkey,part,75,11,27217,0,,Mr,2.sql,"part,partsupp"
WITH_RLS,CARTESIAN,2,user1,P26,dbo.p26_part_many_suppliers,p_partkey,part,97,13,27151,0,,Mr,2.sql,"part,partsupp"
WITH_RLS,CARTESIAN,3,user1,P26,dbo.p26_part_many_suppliers,p_partkey,part,113,14,27187,0,,Mr,2.sql,"part,partsupp"
WITH_RLS,CARTESIAN,4,user1,P26,dbo.p26_part_many_suppliers,p_partkey,part,99,15,27184,0,,Mr,2.sql,"part,partsupp"
WITH_RLS,CARTESIAN,5,user1,P26,dbo.p26_part_many_suppliers,p_partkey,part,128,17,27193,0,,Mr,2.sql,"part,partsupp"
NO_RLS,CARTESIAN,1,user1,P26,dbo.p26_part_many_suppliers,p_partkey,part,92,16,28067,476,,Mr,2.sql,"part,partsupp"
NO_RLS,CARTESIAN,2,user1,P26,dbo.p26_part_many_suppliers,p_partkey,part,160,24,28070,476,,Mr,2.sql,"part,partsupp"
NO_RLS,CARTESIAN,3,user1,P26,dbo.p26_part_many_suppliers,p_partkey,part,152,25,28058,476,,Mr,2.sql,"part,partsupp"
NO_RLS,CARTESIAN,4,user1,P26,dbo.p26_part_many_suppliers,p_partkey,part,148,23,28067,476,,Mr,2.sql,"part,partsupp"
NO_RLS,CARTESIAN,5,user1,P26,dbo.p26_part_many_suppliers,p_partkey,part,181,26,28061,476,,Mr,2.sql,"part,partsupp"
WITH_RLS,CARTESIAN,1,user1,P6,dbo.p6_ship_commit,"l_shipdate,l_commitdate",lineitem,1052,94,213395,1,,Mr,17.sql,lineitem
WITH_RLS,CARTESIAN,2,user1,P6,dbo.p6_ship_commit,"l_shipdate,l_commitdate",lineitem,1321,119,213395,1,,Mr,17.sql,lineitem
WITH_RLS,CARTESIAN,3,user1,P6,dbo.p6_ship_commit,"l_shipdate,l_commitdate",lineitem,1286,116,213395,1,,Mr,17.sql,lineitem
WITH_RLS,CARTESIAN,4,user1,P6,dbo.p6_ship_commit,"l_shipdate,l_commitdate",lineitem,1117,102,213395,1,,Mr,17.sql,lineitem
WITH_RLS,CARTESIAN,5,user1,P6,dbo.p6_ship_commit,"l_shipdate,l_commitdate",lineitem,1289,117,213395,1,,Mr,17.sql,lineitem
NO_RLS,CARTESIAN,1,user1,P6,dbo.p6_ship_commit,"l_shipdate,l_commitdate",lineitem,553,53,120839,1,,Mr,17.sql,lineitem
NO_RLS,CARTESIAN,2,user1,P6,dbo.p6_ship_commit,"l_shipdate,l_commitdate",lineitem,792,76,120839,1,,Mr,17.sql,lineitem
NO_RLS,CARTESIAN,3,user1,P6,dbo.p6_ship_commit,"l_shipdate,l_commitdate",lineitem,877,82,120839,1,,Mr,17.sql,lineitem
NO_RLS,CARTESIAN,4,user1,P6,dbo.p6_ship_commit,"l_shipdate,l_commitdate",lineitem,847,79,120839,1,,Mr,17.sql,lineitem
NO_RLS,CARTESIAN,5,user1,P6,dbo.p6_ship_commit,"l_shipdate,l_commitdate",lineitem,651,60,120839,1,,Mr,17.sql,lineitem
WITH_RLS,CARTESIAN,1,user1,P11,dbo.p11_customer_supplier_same_region,"l_orderkey,l_suppkey",lineitem,1170,111,288635,1,,Mr,17.sql,lineitem
WITH_RLS,CARTESIAN,2,user1,P11,dbo.p11_customer_supplier_same_region,"l_orderkey,l_suppkey",lineitem,1473,134,288635,1,,Mr,17.sql,lineitem
WITH_RLS,CARTESIAN,3,user1,P11,dbo.p11_customer_supplier_same_region,"l_orderkey,l_suppkey",lineitem,1135,105,288635,1,,Mr,17.sql,lineitem
WITH_RLS,CARTESIAN,4,user1,P11,dbo.p11_customer_supplier_same_region,"l_orderkey,l_suppkey",lineitem,1485,137,288635,1,,Mr,17.sql,lineitem
WITH_RLS,CARTESIAN,5,user1,P11,dbo.p11_customer_supplier_same_region,"l_orderkey,l_suppkey",lineitem,1481,140,288635,1,,Mr,17.sql,lineitem
NO_RLS,CARTESIAN,1,user1,P11,dbo.p11_customer_supplier_same_region,"l_orderkey,l_suppkey",lineitem,561,55,120839,1,,Mr,17.sql,lineitem
NO_RLS,CARTESIAN,2,user1,P11,dbo.p11_customer_supplier_same_region,"l_orderkey,l_suppkey",lineitem,786,72,120839,1,,Mr,17.sql,lineitem
NO_RLS,CARTESIAN,3,user1,P11,dbo.p11_customer_supplier_same_region,"l_orderkey,l_suppkey",lineitem,788,78,120839,1,,Mr,17.sql,lineitem
NO_RLS,CARTESIAN,4,user1,P11,dbo.p11_customer_supplier_same_region,"l_orderkey,l_suppkey",lineitem,822,75,120839,1,,Mr,17.sql,lineitem
NO_RLS,CARTESIAN,5,user1,P11,dbo.p11_customer_supplier_same_region,"l_orderkey,l_suppkey",lineitem,839,80,120839,1,,Mr,17.sql,lineitem
WITH_RLS,CARTESIAN,1,user1,P16,dbo.p16_lineitem_region_quantity,"l_partkey,l_orderkey,l_quantity",lineitem,12485,11870,18341672,1,,Mr,17.sql,lineitem
WITH_RLS,CARTESIAN,2,user1,P16,dbo.p16_lineitem_region_quantity,"l_partkey,l_orderkey,l_quantity",lineitem,13189,12319,18341672,1,,Mr,17.sql,lineitem
WITH_RLS,CARTESIAN,3,user1,P16,dbo.p16_lineitem_region_quantity,"l_partkey,l_orderkey,l_quantity",lineitem,13687,12816,18341672,1,,Mr,17.sql,lineitem
WITH_RLS,CARTESIAN,4,user1,P16,dbo.p16_lineitem_region_quantity,"l_partkey,l_orderkey,l_quantity",lineitem,13052,12200,18341672,1,,Mr,17.sql,lineitem
WITH_RLS,CARTESIAN,5,user1,P16,dbo.p16_lineitem_region_quantity,"l_partkey,l_orderkey,l_quantity",lineitem,12950,12083,18341672,1,,Mr,17.sql,lineitem
NO_RLS,CARTESIAN,1,user1,P16,dbo.p16_lineitem_region_quantity,"l_partkey,l_orderkey,l_quantity",lineitem,527,50,120839,1,,Mr,17.sql,lineitem
NO_RLS,CARTESIAN,2,user1,P16,dbo.p16_lineitem_region_quantity,"l_partkey,l_orderkey,l_quantity",lineitem,822,77,120839,1,,Mr,17.sql,lineitem
NO_RLS,CARTESIAN,3,user1,P16,dbo.p16_lineitem_region_quantity,"l_partkey,l_orderkey,l_quantity",lineitem,750,69,120839,1,,Mr,17.sql,lineitem
NO_RLS,CARTESIAN,4,user1,P16,dbo.p16_lineitem_region_quantity,"l_partkey,l_orderkey,l_quantity",lineitem,842,80,120839,1,,Mr,17.sql,lineitem
NO_RLS,CARTESIAN,5,user1,P16,dbo.p16_lineitem_region_quantity,"l_partkey,l_orderkey,l_quantity",lineitem,833,77,120839,1,,Mr,17.sql,lineitem
WITH_RLS,CARTESIAN,1,user1,P8,dbo.p8_shipmode,l_shipmode,lineitem,1062,95,213395,1,,Mr,17.sql,lineitem
WITH_RLS,CARTESIAN,2,user1,P8,dbo.p8_shipmode,l_shipmode,lineitem,1287,117,213395,1,,Mr,17.sql,lineitem
WITH_RLS,CARTESIAN,3,user1,P8,dbo.p8_shipmode,l_shipmode,lineitem,1379,123,213395,1,,Mr,17.sql,lineitem
WITH_RLS,CARTESIAN,4,user1,P8,dbo.p8_shipmode,l_shipmode,lineitem,1235,111,213395,1,,Mr,17.sql,lineitem
WITH_RLS,CARTESIAN,5,user1,P8,dbo.p8_shipmode,l_shipmode,lineitem,1337,125,213395,1,,Mr,17.sql,lineitem
NO_RLS,CARTESIAN,1,user1,P8,dbo.p8_shipmode,l_shipmode,lineitem,553,53,120839,1,,Mr,17.sql,lineitem
NO_RLS,CARTESIAN,2,user1,P8,dbo.p8_shipmode,l_shipmode,lineitem,847,87,120839,1,,Mr,17.sql,lineitem
NO_RLS,CARTESIAN,3,user1,P8,dbo.p8_shipmode,l_shipmode,lineitem,642,64,120839,1,,Mr,17.sql,lineitem
NO_RLS,CARTESIAN,4,user1,P8,dbo.p8_shipmode,l_shipmode,lineitem,802,79,120839,1,,Mr,17.sql,lineitem
NO_RLS,CARTESIAN,5,user1,P8,dbo.p8_shipmode,l_shipmode,lineitem,839,76,120839,1,,Mr,17.sql,lineitem
WITH_RLS,CARTESIAN,1,user1,P10,dbo.p10_discount_quantity,"l_discount,l_quantity",lineitem,1041,93,213395,1,,Mr,17.sql,lineitem
WITH_RLS,CARTESIAN,2,user1,P10,dbo.p10_discount_quantity,"l_discount,l_quantity",lineitem,1359,125,213395,1,,Mr,17.sql,lineitem
WITH_RLS,CARTESIAN,3,user1,P10,dbo.p10_discount_quantity,"l_discount,l_quantity",lineitem,1266,113,213395,1,,Mr,17.sql,lineitem
WITH_RLS,CARTESIAN,4,user1,P10,dbo.p10_discount_quantity,"l_discount,l_quantity",lineitem,1024,108,213395,1,,Mr,17.sql,lineitem
WITH_RLS,CARTESIAN,5,user1,P10,dbo.p10_discount_quantity,"l_discount,l_quantity",lineitem,1384,125,213395,1,,Mr,17.sql,lineitem
NO_RLS,CARTESIAN,1,user1,P10,dbo.p10_discount_quantity,"l_discount,l_quantity",lineitem,568,57,120839,1,,Mr,17.sql,lineitem
NO_RLS,CARTESIAN,2,user1,P10,dbo.p10_discount_quantity,"l_discount,l_quantity",lineitem,840,80,120839,1,,Mr,17.sql,lineitem
NO_RLS,CARTESIAN,3,user1,P10,dbo.p10_discount_quantity,"l_discount,l_quantity",lineitem,846,85,120839,1,,Mr,17.sql,lineitem
NO_RLS,CARTESIAN,4,user1,P10,dbo.p10_discount_quantity,"l_discount,l_quantity",lineitem,826,77,120839,1,,Mr,17.sql,lineitem
NO_RLS,CARTESIAN,5,user1,P10,dbo.p10_discount_quantity,"l_discount,l_quantity",lineitem,765,74,120839,1,,Mr,17.sql,lineitem
WITH_RLS,CARTESIAN,1,user1,P5,dbo.p5_price_range,"l_extendedprice,l_discount",lineitem,1086,98,213395,1,,Mr,17.sql,lineitem
WITH_RLS,CARTESIAN,2,user1,P5,dbo.p5_price_range,"l_extendedprice,l_discount",lineitem,1175,116,213395,1,,Mr,17.sql,lineitem
WITH_RLS,CARTESIAN,3,user1,P5,dbo.p5_price_range,"l_extendedprice,l_discount",lineitem,1407,129,213395,1,,Mr,17.sql,lineitem
WITH_RLS,CARTESIAN,4,user1,P5,dbo.p5_price_range,"l_extendedprice,l_discount",lineitem,1354,123,213395,1,,Mr,17.sql,lineitem
WITH_RLS,CARTESIAN,5,user1,P5,dbo.p5_price_range,"l_extendedprice,l_discount",lineitem,1346,121,213395,1,,Mr,17.sql,lineitem
NO_RLS,CARTESIAN,1,user1,P5,dbo.p5_price_range,"l_extendedprice,l_discount",lineitem,558,52,120839,1,,Mr,17.sql,lineitem
NO_RLS,CARTESIAN,2,user1,P5,dbo.p5_price_range,"l_extendedprice,l_discount",lineitem,833,77,120839,1,,Mr,17.sql,lineitem
NO_RLS,CARTESIAN,3,user1,P5,dbo.p5_price_range,"l_extendedprice,l_discount",lineitem,702,68,120839,1,,Mr,17.sql,lineitem
NO_RLS,CARTESIAN,4,user1,P5,dbo.p5_price_range,"l_extendedprice,l_discount",lineitem,819,79,120839,1,,Mr,17.sql,lineitem
NO_RLS,CARTESIAN,5,user1,P5,dbo.p5_price_range,"l_extendedprice,l_discount",lineitem,831,79,120839,1,,Mr,17.sql,lineitem
WITH_RLS,CARTESIAN,1,user1,P9,dbo.p9_tax,l_tax,lineitem,1051,96,213395,1,,Mr,17.sql,lineitem
WITH_RLS,CARTESIAN,2,user1,P9,dbo.p9_tax,l_tax,lineitem,1346,121,213395,1,,Mr,17.sql,lineitem
WITH_RLS,CARTESIAN,3,user1,P9,dbo.p9_tax,l_tax,lineitem,1356,127,213395,1,,Mr,17.sql,lineitem
WITH_RLS,CARTESIAN,4,user1,P9,dbo.p9_tax,l_tax,lineitem,1193,108,213395,1,,Mr,17.sql,lineitem
WITH_RLS,CARTESIAN,5,user1,P9,dbo.p9_tax,l_tax,lineitem,1270,121,213395,1,,Mr,17.sql,lineitem
NO_RLS,CARTESIAN,1,user1,P9,dbo.p9_tax,l_tax,lineitem,559,52,120839,1,,Mr,17.sql,lineitem
NO_RLS,CARTESIAN,2,user1,P9,dbo.p9_tax,l_tax,lineitem,678,62,120839,1,,Mr,17.sql,lineitem
NO_RLS,CARTESIAN,3,user1,P9,dbo.p9_tax,l_tax,lineitem,806,74,120839,1,,Mr,17.sql,lineitem
NO_RLS,CARTESIAN,4,user1,P9,dbo.p9_tax,l_tax,lineitem,844,76,120839,1,,Mr,17.sql,lineitem
NO_RLS,CARTESIAN,5,user1,P9,dbo.p9_tax,l_tax,lineitem,723,67,120839,1,,Mr,17.sql,lineitem
WITH_RLS,CARTESIAN,1,user1,P3,dbo.p3_return_discount,"l_returnflag,l_discount",lineitem,1058,96,213395,1,,Mr,17.sql,lineitem
WITH_RLS,CARTESIAN,2,user1,P3,dbo.p3_return_discount,"l_returnflag,l_discount",lineitem,1339,121,213395,1,,Mr,17.sql,lineitem
WITH_RLS,CARTESIAN,3,user1,P3,dbo.p3_return_discount,"l_returnflag,l_discount",lineitem,1310,121,213395,1,,Mr,17.sql,lineitem
WITH_RLS,CARTESIAN,4,user1,P3,dbo.p3_return_discount,"l_returnflag,l_discount",lineitem,1208,110,213395,1,,Mr,17.sql,lineitem
WITH_RLS,CARTESIAN,5,user1,P3,dbo.p3_return_discount,"l_returnflag,l_discount",lineitem,1274,116,213395,1,,Mr,17.sql,lineitem
NO_RLS,CARTESIAN,1,user1,P3,dbo.p3_return_discount,"l_returnflag,l_discount",lineitem,559,54,120839,1,,Mr,17.sql,lineitem
NO_RLS,CARTESIAN,2,user1,P3,dbo.p3_return_discount,"l_returnflag,l_discount",lineitem,754,74,120839,1,,Mr,17.sql,lineitem
NO_RLS,CARTESIAN,3,user1,P3,dbo.p3_return_discount,"l_returnflag,l_discount",lineitem,821,76,120839,1,,Mr,17.sql,lineitem
NO_RLS,CARTESIAN,4,user1,P3,dbo.p3_return_discount,"l_returnflag,l_discount",lineitem,830,77,120839,1,,Mr,17.sql,lineitem
NO_RLS,CARTESIAN,5,user1,P3,dbo.p3_return_discount,"l_returnflag,l_discount",lineitem,775,72,120839,1,,Mr,17.sql,lineitem
WITH_RLS,CARTESIAN,1,user1,P4,dbo.p4_open_not_returned,"l_linestatus,l_returnflag",lineitem,1065,96,213395,1,,Mr,17.sql,lineitem
WITH_RLS,CARTESIAN,2,user1,P4,dbo.p4_open_not_returned,"l_linestatus,l_returnflag",lineitem,1336,121,213395,1,,Mr,17.sql,lineitem
WITH_RLS,CARTESIAN,3,user1,P4,dbo.p4_open_not_returned,"l_linestatus,l_returnflag",lineitem,1289,116,213395,1,,Mr,17.sql,lineitem
WITH_RLS,CARTESIAN,4,user1,P4,dbo.p4_open_not_returned,"l_linestatus,l_returnflag",lineitem,1185,107,213395,1,,Mr,17.sql,lineitem
WITH_RLS,CARTESIAN,5,user1,P4,dbo.p4_open_not_returned,"l_linestatus,l_returnflag",lineitem,1339,121,213395,1,,Mr,17.sql,lineitem
NO_RLS,CARTESIAN,1,user1,P4,dbo.p4_open_not_returned,"l_linestatus,l_returnflag",lineitem,558,53,120839,1,,Mr,17.sql,lineitem
NO_RLS,CARTESIAN,2,user1,P4,dbo.p4_open_not_returned,"l_linestatus,l_returnflag",lineitem,840,78,120839,1,,Mr,17.sql,lineitem
NO_RLS,CARTESIAN,3,user1,P4,dbo.p4_open_not_returned,"l_linestatus,l_returnflag",lineitem,815,77,120839,1,,Mr,17.sql,lineitem
NO_RLS,CARTESIAN,4,user1,P4,dbo.p4_open_not_returned,"l_linestatus,l_returnflag",lineitem,830,78,120839,1,,Mr,17.sql,lineitem
NO_RLS,CARTESIAN,5,user1,P4,dbo.p4_open_not_returned,"l_linestatus,l_returnflag",lineitem,736,67,120839,1,,Mr,17.sql,lineitem
WITH_RLS,CARTESIAN,1,user1,P2,dbo.p2_no_carefully,l_comment,lineitem,1066,102,213395,1,,Mr,17.sql,lineitem
WITH_RLS,CARTESIAN,2,user1,P2,dbo.p2_no_carefully,l_comment,lineitem,1286,117,213395,1,,Mr,17.sql,lineitem
WITH_RLS,CARTESIAN,3,user1,P2,dbo.p2_no_carefully,l_comment,lineitem,1416,129,213395,1,,Mr,17.sql,lineitem
WITH_RLS,CARTESIAN,4,user1,P2,dbo.p2_no_carefully,l_comment,lineitem,1337,121,213395,1,,Mr,17.sql,lineitem
WITH_RLS,CARTESIAN,5,user1,P2,dbo.p2_no_carefully,l_comment,lineitem,1342,125,213395,1,,Mr,17.sql,lineitem
NO_RLS,CARTESIAN,1,user1,P2,dbo.p2_no_carefully,l_comment,lineitem,561,54,120839,1,,Mr,17.sql,lineitem
NO_RLS,CARTESIAN,2,user1,P2,dbo.p2_no_carefully,l_comment,lineitem,760,71,120839,1,,Mr,17.sql,lineitem
NO_RLS,CARTESIAN,3,user1,P2,dbo.p2_no_carefully,l_comment,lineitem,590,63,120839,1,,Mr,17.sql,lineitem
NO_RLS,CARTESIAN,4,user1,P2,dbo.p2_no_carefully,l_comment,lineitem,738,73,120839,1,,Mr,17.sql,lineitem
NO_RLS,CARTESIAN,5,user1,P2,dbo.p2_no_carefully,l_comment,lineitem,829,76,120839,1,,Mr,17.sql,lineitem
WITH_RLS,CARTESIAN,1,user1,P25,dbo.p25_lineitem_above_brand_avg_price,l_partkey,lineitem,1141,111,227855,1,,Mr,17.sql,lineitem
WITH_RLS,CARTESIAN,2,user1,P25,dbo.p25_lineitem_above_brand_avg_price,l_partkey,lineitem,1321,127,227855,1,,Mr,17.sql,lineitem
WITH_RLS,CARTESIAN,3,user1,P25,dbo.p25_lineitem_above_brand_avg_price,l_partkey,lineitem,1389,132,227855,1,,Mr,17.sql,lineitem
WITH_RLS,CARTESIAN,4,user1,P25,dbo.p25_lineitem_above_brand_avg_price,l_partkey,lineitem,1438,140,227855,1,,Mr,17.sql,lineitem
WITH_RLS,CARTESIAN,5,user1,P25,dbo.p25_lineitem_above_brand_avg_price,l_partkey,lineitem,1429,138,227855,1,,Mr,17.sql,lineitem
NO_RLS,CARTESIAN,1,user1,P25,dbo.p25_lineitem_above_brand_avg_price,l_partkey,lineitem,548,53,120839,1,,Mr,17.sql,lineitem
NO_RLS,CARTESIAN,2,user1,P25,dbo.p25_lineitem_above_brand_avg_price,l_partkey,lineitem,835,77,120839,1,,Mr,17.sql,lineitem
NO_RLS,CARTESIAN,3,user1,P25,dbo.p25_lineitem_above_brand_avg_price,l_partkey,lineitem,832,79,120839,1,,Mr,17.sql,lineitem
NO_RLS,CARTESIAN,4,user1,P25,dbo.p25_lineitem_above_brand_avg_price,l_partkey,lineitem,779,72,120839,1,,Mr,17.sql,lineitem
NO_RLS,CARTESIAN,5,user1,P25,dbo.p25_lineitem_above_brand_avg_price,l_partkey,lineitem,855,80,120839,1,,Mr,17.sql,lineitem
WITH_RLS,CARTESIAN,1,user1,P7,dbo.p7_receipt_commit,"l_receiptdate,l_commitdate",lineitem,1060,97,213395,1,,Mr,17.sql,lineitem
WITH_RLS,CARTESIAN,2,user1,P7,dbo.p7_receipt_commit,"l_receiptdate,l_commitdate",lineitem,1236,110,213395,1,,Mr,17.sql,lineitem
WITH_RLS,CARTESIAN,3,user1,P7,dbo.p7_receipt_commit,"l_receiptdate,l_commitdate",lineitem,1239,112,213395,1,,Mr,17.sql,lineitem
WITH_RLS,CARTESIAN,4,user1,P7,dbo.p7_receipt_commit,"l_receiptdate,l_commitdate",lineitem,1278,119,213395,1,,Mr,17.sql,lineitem
WITH_RLS,CARTESIAN,5,user1,P7,dbo.p7_receipt_commit,"l_receiptdate,l_commitdate",lineitem,1289,119,213395,1,,Mr,17.sql,lineitem
NO_RLS,CARTESIAN,1,user1,P7,dbo.p7_receipt_commit,"l_receiptdate,l_commitdate",lineitem,553,53,120839,1,,Mr,17.sql,lineitem
NO_RLS,CARTESIAN,2,user1,P7,dbo.p7_receipt_commit,"l_receiptdate,l_commitdate",lineitem,858,81,120839,1,,Mr,17.sql,lineitem
NO_RLS,CARTESIAN,3,user1,P7,dbo.p7_receipt_commit,"l_receiptdate,l_commitdate",lineitem,809,74,120839,1,,Mr,17.sql,lineitem
NO_RLS,CARTESIAN,4,user1,P7,dbo.p7_receipt_commit,"l_receiptdate,l_commitdate",lineitem,811,76,120839,1,,Mr,17.sql,lineitem
NO_RLS,CARTESIAN,5,user1,P7,dbo.p7_receipt_commit,"l_receiptdate,l_commitdate",lineitem,805,80,120839,1,,Mr,17.sql,lineitem
WITH_RLS,CARTESIAN,1,user1,P30,dbo.p30_lineitem_cross_nation_same_region,"l_suppkey,l_orderkey",lineitem,1221,112,335663,1,,Mr,17.sql,lineitem
WITH_RLS,CARTESIAN,2,user1,P30,dbo.p30_lineitem_cross_nation_same_region,"l_suppkey,l_orderkey",lineitem,1495,141,335663,1,,Mr,17.sql,lineitem
WITH_RLS,CARTESIAN,3,user1,P30,dbo.p30_lineitem_cross_nation_same_region,"l_suppkey,l_orderkey",lineitem,1517,140,335663,1,,Mr,17.sql,lineitem
WITH_RLS,CARTESIAN,4,user1,P30,dbo.p30_lineitem_cross_nation_same_region,"l_suppkey,l_orderkey",lineitem,1501,136,335663,1,,Mr,17.sql,lineitem
WITH_RLS,CARTESIAN,5,user1,P30,dbo.p30_lineitem_cross_nation_same_region,"l_suppkey,l_orderkey",lineitem,1441,131,335663,1,,Mr,17.sql,lineitem
NO_RLS,CARTESIAN,1,user1,P30,dbo.p30_lineitem_cross_nation_same_region,"l_suppkey,l_orderkey",lineitem,564,54,120839,1,,Mr,17.sql,lineitem
NO_RLS,CARTESIAN,2,user1,P30,dbo.p30_lineitem_cross_nation_same_region,"l_suppkey,l_orderkey",lineitem,688,65,120839,1,,Mr,17.sql,lineitem
NO_RLS,CARTESIAN,3,user1,P30,dbo.p30_lineitem_cross_nation_same_region,"l_suppkey,l_orderkey",lineitem,794,73,120839,1,,Mr,17.sql,lineitem
NO_RLS,CARTESIAN,4,user1,P30,dbo.p30_lineitem_cross_nation_same_region,"l_suppkey,l_orderkey",lineitem,575,54,120839,1,,Mr,17.sql,lineitem
NO_RLS,CARTESIAN,5,user1,P30,dbo.p30_lineitem_cross_nation_same_region,"l_suppkey,l_orderkey",lineitem,826,78,120839,1,,Mr,17.sql,lineitem
WITH_RLS,CARTESIAN,1,user1,P1,dbo.p1_last_5y,l_shipdate,lineitem,539,51,108505,1,,Mr,17.sql,lineitem
WITH_RLS,CARTESIAN,2,user1,P1,dbo.p1_last_5y,l_shipdate,lineitem,710,64,108505,1,,Mr,17.sql,lineitem
WITH_RLS,CARTESIAN,3,user1,P1,dbo.p1_last_5y,l_shipdate,lineitem,729,67,108505,1,,Mr,17.sql,lineitem
WITH_RLS,CARTESIAN,4,user1,P1,dbo.p1_last_5y,l_shipdate,lineitem,835,77,108505,1,,Mr,17.sql,lineitem
WITH_RLS,CARTESIAN,5,user1,P1,dbo.p1_last_5y,l_shipdate,lineitem,838,77,108505,1,,Mr,17.sql,lineitem
NO_RLS,CARTESIAN,1,user1,P1,dbo.p1_last_5y,l_shipdate,lineitem,553,52,120839,1,,Mr,17.sql,lineitem
NO_RLS,CARTESIAN,2,user1,P1,dbo.p1_last_5y,l_shipdate,lineitem,858,81,120839,1,,Mr,17.sql,lineitem
NO_RLS,CARTESIAN,3,user1,P1,dbo.p1_last_5y,l_shipdate,lineitem,745,70,120839,1,,Mr,17.sql,lineitem
NO_RLS,CARTESIAN,4,user1,P1,dbo.p1_last_5y,l_shipdate,lineitem,810,73,120839,1,,Mr,17.sql,lineitem
NO_RLS,CARTESIAN,5,user1,P1,dbo.p1_last_5y,l_shipdate,lineitem,846,78,120839,1,,Mr,17.sql,lineitem
WITH_RLS,CARTESIAN,1,user1,P6,dbo.p6_ship_commit,"l_shipdate,l_commitdate",lineitem,2531,220,104890,4,,Mr,1.sql,lineitem
WITH_RLS,CARTESIAN,2,user1,P6,dbo.p6_ship_commit,"l_shipdate,l_commitdate",lineitem,2538,225,104890,4,,Mr,1.sql,lineitem
WITH_RLS,CARTESIAN,3,user1,P6,dbo.p6_ship_commit,"l_shipdate,l_commitdate",lineitem,2579,229,104890,4,,Mr,1.sql,lineitem
WITH_RLS,CARTESIAN,4,user1,P6,dbo.p6_ship_commit,"l_shipdate,l_commitdate",lineitem,2549,222,104890,4,,Mr,1.sql,lineitem
WITH_RLS,CARTESIAN,5,user1,P6,dbo.p6_ship_commit,"l_shipdate,l_commitdate",lineitem,2605,231,104890,4,,Mr,1.sql,lineitem
NO_RLS,CARTESIAN,1,user1,P6,dbo.p6_ship_commit,"l_shipdate,l_commitdate",lineitem,1981,178,104890,4,,Mr,1.sql,lineitem
NO_RLS,CARTESIAN,2,user1,P6,dbo.p6_ship_commit,"l_shipdate,l_commitdate",lineitem,2063,181,104890,4,,Mr,1.sql,lineitem
NO_RLS,CARTESIAN,3,user1,P6,dbo.p6_ship_commit,"l_shipdate,l_commitdate",lineitem,2261,205,104890,4,,Mr,1.sql,lineitem
NO_RLS,CARTESIAN,4,user1,P6,dbo.p6_ship_commit,"l_shipdate,l_commitdate",lineitem,2110,188,104890,4,,Mr,1.sql,lineitem
NO_RLS,CARTESIAN,5,user1,P6,dbo.p6_ship_commit,"l_shipdate,l_commitdate",lineitem,2010,186,104890,4,,Mr,1.sql,lineitem
WITH_RLS,CARTESIAN,1,user1,P11,dbo.p11_customer_supplier_same_region,"l_orderkey,l_suppkey",lineitem,142638,14349,71485862,4,,Mr,1.sql,lineitem
WITH_RLS,CARTESIAN,2,user1,P11,dbo.p11_customer_supplier_same_region,"l_orderkey,l_suppkey",lineitem,152950,15210,71485870,4,,Mr,1.sql,lineitem
WITH_RLS,CARTESIAN,3,user1,P11,dbo.p11_customer_supplier_same_region,"l_orderkey,l_suppkey",lineitem,159697,15823,71485854,4,,Mr,1.sql,lineitem
WITH_RLS,CARTESIAN,4,user1,P11,dbo.p11_customer_supplier_same_region,"l_orderkey,l_suppkey",lineitem,168581,16790,71485902,4,,Mr,1.sql,lineitem
WITH_RLS,CARTESIAN,5,user1,P11,dbo.p11_customer_supplier_same_region,"l_orderkey,l_suppkey",lineitem,173799,17121,71485886,4,,Mr,1.sql,lineitem
NO_RLS,CARTESIAN,1,user1,P11,dbo.p11_customer_supplier_same_region,"l_orderkey,l_suppkey",lineitem,2457,214,104890,4,,Mr,1.sql,lineitem
NO_RLS,CARTESIAN,2,user1,P11,dbo.p11_customer_supplier_same_region,"l_orderkey,l_suppkey",lineitem,2462,215,104890,4,,Mr,1.sql,lineitem
NO_RLS,CARTESIAN,3,user1,P11,dbo.p11_customer_supplier_same_region,"l_orderkey,l_suppkey",lineitem,2395,209,104890,4,,Mr,1.sql,lineitem
NO_RLS,CARTESIAN,4,user1,P11,dbo.p11_customer_supplier_same_region,"l_orderkey,l_suppkey",lineitem,2335,204,104890,4,,Mr,1.sql,lineitem
NO_RLS,CARTESIAN,5,user1,P11,dbo.p11_customer_supplier_same_region,"l_orderkey,l_suppkey",lineitem,2296,200,104890,4,,Mr,1.sql,lineitem
WITH_RLS,CARTESIAN,1,user1,P16,dbo.p16_lineitem_region_quantity,"l_partkey,l_orderkey,l_quantity",lineitem,95530,19706,37088269,1,,Mr,1.sql,lineitem
WITH_RLS,CARTESIAN,2,user1,P16,dbo.p16_lineitem_region_quantity,"l_partkey,l_orderkey,l_quantity",lineitem,98800,20093,37088369,1,,Mr,1.sql,lineitem
WITH_RLS,CARTESIAN,3,user1,P16,dbo.p16_lineitem_region_quantity,"l_partkey,l_orderkey,l_quantity",lineitem,100409,20137,37088373,1,,Mr,1.sql,lineitem
WITH_RLS,CARTESIAN,4,user1,P16,dbo.p16_lineitem_region_quantity,"l_partkey,l_orderkey,l_quantity",lineitem,132575,23729,37088525,1,,Mr,1.sql,lineitem
WITH_RLS,CARTESIAN,5,user1,P16,dbo.p16_lineitem_region_quantity,"l_partkey,l_orderkey,l_quantity",lineitem,134355,30037,37088353,1,,Mr,1.sql,lineitem
NO_RLS,CARTESIAN,1,user1,P16,dbo.p16_lineitem_region_quantity,"l_partkey,l_orderkey,l_quantity",lineitem,4000,351,104890,4,,Mr,1.sql,lineitem
NO_RLS,CARTESIAN,2,user1,P16,dbo.p16_lineitem_region_quantity,"l_partkey,l_orderkey,l_quantity",lineitem,4108,360,104890,4,,Mr,1.sql,lineitem
NO_RLS,CARTESIAN,3,user1,P16,dbo.p16_lineitem_region_quantity,"l_partkey,l_orderkey,l_quantity",lineitem,3974,360,104890,4,,Mr,1.sql,lineitem
NO_RLS,CARTESIAN,4,user1,P16,dbo.p16_lineitem_region_quantity,"l_partkey,l_orderkey,l_quantity",lineitem,4027,354,104890,4,,Mr,1.sql,lineitem
NO_RLS,CARTESIAN,5,user1,P16,dbo.p16_lineitem_region_quantity,"l_partkey,l_orderkey,l_quantity",lineitem,4091,360,104890,4,,Mr,1.sql,lineitem
WITH_RLS,CARTESIAN,1,user1,P8,dbo.p8_shipmode,l_shipmode,lineitem,4756,415,104890,4,,Mr,1.sql,lineitem
WITH_RLS,CARTESIAN,2,user1,P8,dbo.p8_shipmode,l_shipmode,lineitem,4836,432,104890,4,,Mr,1.sql,lineitem
WITH_RLS,CARTESIAN,3,user1,P8,dbo.p8_shipmode,l_shipmode,lineitem,4876,431,104890,4,,Mr,1.sql,lineitem
WITH_RLS,CARTESIAN,4,user1,P8,dbo.p8_shipmode,l_shipmode,lineitem,4826,423,104890,4,,Mr,1.sql,lineitem
WITH_RLS,CARTESIAN,5,user1,P8,dbo.p8_shipmode,l_shipmode,lineitem,4822,420,104890,4,,Mr,1.sql,lineitem
NO_RLS,CARTESIAN,1,user1,P8,dbo.p8_shipmode,l_shipmode,lineitem,3886,356,104890,4,,Mr,1.sql,lineitem
NO_RLS,CARTESIAN,2,user1,P8,dbo.p8_shipmode,l_shipmode,lineitem,3835,368,104890,4,,Mr,1.sql,lineitem
NO_RLS,CARTESIAN,3,user1,P8,dbo.p8_shipmode,l_shipmode,lineitem,4097,358,104890,4,,Mr,1.sql,lineitem
NO_RLS,CARTESIAN,4,user1,P8,dbo.p8_shipmode,l_shipmode,lineitem,4083,355,104890,4,,Mr,1.sql,lineitem
NO_RLS,CARTESIAN,5,user1,P8,dbo.p8_shipmode,l_shipmode,lineitem,4055,356,104890,4,,Mr,1.sql,lineitem
WITH_RLS,CARTESIAN,1,user1,P10,dbo.p10_discount_quantity,"l_discount,l_quantity",lineitem,5177,476,104890,4,,Mr,1.sql,lineitem
WITH_RLS,CARTESIAN,2,user1,P10,dbo.p10_discount_quantity,"l_discount,l_quantity",lineitem,4942,433,104890,4,,Mr,1.sql,lineitem
WITH_RLS,CARTESIAN,3,user1,P10,dbo.p10_discount_quantity,"l_discount,l_quantity",lineitem,5454,477,104890,4,,Mr,1.sql,lineitem
WITH_RLS,CARTESIAN,4,user1,P10,dbo.p10_discount_quantity,"l_discount,l_quantity",lineitem,5445,476,104890,4,,Mr,1.sql,lineitem
WITH_RLS,CARTESIAN,5,user1,P10,dbo.p10_discount_quantity,"l_discount,l_quantity",lineitem,5394,471,104890,4,,Mr,1.sql,lineitem
NO_RLS,CARTESIAN,1,user1,P10,dbo.p10_discount_quantity,"l_discount,l_quantity",lineitem,3972,348,104890,4,,Mr,1.sql,lineitem
NO_RLS,CARTESIAN,2,user1,P10,dbo.p10_discount_quantity,"l_discount,l_quantity",lineitem,4062,353,104890,4,,Mr,1.sql,lineitem
NO_RLS,CARTESIAN,3,user1,P10,dbo.p10_discount_quantity,"l_discount,l_quantity",lineitem,4046,359,104890,4,,Mr,1.sql,lineitem
NO_RLS,CARTESIAN,4,user1,P10,dbo.p10_discount_quantity,"l_discount,l_quantity",lineitem,4085,359,104890,4,,Mr,1.sql,lineitem
NO_RLS,CARTESIAN,5,user1,P10,dbo.p10_discount_quantity,"l_discount,l_quantity",lineitem,4076,359,104890,4,,Mr,1.sql,lineitem
WITH_RLS,CARTESIAN,1,user1,P5,dbo.p5_price_range,"l_extendedprice,l_discount",lineitem,7616,676,104890,4,,Mr,1.sql,lineitem
WITH_RLS,CARTESIAN,2,user1,P5,dbo.p5_price_range,"l_extendedprice,l_discount",lineitem,7525,656,104890,4,,Mr,1.sql,lineitem
WITH_RLS,CARTESIAN,3,user1,P5,dbo.p5_price_range,"l_extendedprice,l_discount",lineitem,7830,675,104890,4,,Mr,1.sql,lineitem
WITH_RLS,CARTESIAN,4,user1,P5,dbo.p5_price_range,"l_extendedprice,l_discount",lineitem,7949,685,104890,4,,Mr,1.sql,lineitem
WITH_RLS,CARTESIAN,5,user1,P5,dbo.p5_price_range,"l_extendedprice,l_discount",lineitem,8012,694,104890,4,,Mr,1.sql,lineitem
NO_RLS,CARTESIAN,1,user1,P5,dbo.p5_price_range,"l_extendedprice,l_discount",lineitem,3962,346,104890,4,,Mr,1.sql,lineitem
NO_RLS,CARTESIAN,2,user1,P5,dbo.p5_price_range,"l_extendedprice,l_discount",lineitem,4064,358,104890,4,,Mr,1.sql,lineitem
NO_RLS,CARTESIAN,3,user1,P5,dbo.p5_price_range,"l_extendedprice,l_discount",lineitem,4049,368,104890,4,,Mr,1.sql,lineitem
NO_RLS,CARTESIAN,4,user1,P5,dbo.p5_price_range,"l_extendedprice,l_discount",lineitem,3922,365,104890,4,,Mr,1.sql,lineitem
NO_RLS,CARTESIAN,5,user1,P5,dbo.p5_price_range,"l_extendedprice,l_discount",lineitem,4067,354,104890,4,,Mr,1.sql,lineitem
WITH_RLS,CARTESIAN,1,user1,P9,dbo.p9_tax,l_tax,lineitem,4536,411,104890,4,,Mr,1.sql,lineitem
WITH_RLS,CARTESIAN,2,user1,P9,dbo.p9_tax,l_tax,lineitem,4628,418,104890,4,,Mr,1.sql,lineitem
WITH_RLS,CARTESIAN,3,user1,P9,dbo.p9_tax,l_tax,lineitem,4690,405,104890,4,,Mr,1.sql,lineitem
WITH_RLS,CARTESIAN,4,user1,P9,dbo.p9_tax,l_tax,lineitem,4624,404,104890,4,,Mr,1.sql,lineitem
WITH_RLS,CARTESIAN,5,user1,P9,dbo.p9_tax,l_tax,lineitem,4695,406,104890,4,,Mr,1.sql,lineitem
NO_RLS,CARTESIAN,1,user1,P9,dbo.p9_tax,l_tax,lineitem,4033,353,104890,4,,Mr,1.sql,lineitem
NO_RLS,CARTESIAN,2,user1,P9,dbo.p9_tax,l_tax,lineitem,4061,354,104890,4,,Mr,1.sql,lineitem
NO_RLS,CARTESIAN,3,user1,P9,dbo.p9_tax,l_tax,lineitem,4002,363,104890,4,,Mr,1.sql,lineitem
NO_RLS,CARTESIAN,4,user1,P9,dbo.p9_tax,l_tax,lineitem,4064,355,104890,4,,Mr,1.sql,lineitem
NO_RLS,CARTESIAN,5,user1,P9,dbo.p9_tax,l_tax,lineitem,4082,361,104890,4,,Mr,1.sql,lineitem
WITH_RLS,CARTESIAN,1,user1,P3,dbo.p3_return_discount,"l_returnflag,l_discount",lineitem,5071,451,104890,4,,Mr,1.sql,lineitem
WITH_RLS,CARTESIAN,2,user1,P3,dbo.p3_return_discount,"l_returnflag,l_discount",lineitem,5094,461,104890,4,,Mr,1.sql,lineitem
WITH_RLS,CARTESIAN,3,user1,P3,dbo.p3_return_discount,"l_returnflag,l_discount",lineitem,5198,452,104890,4,,Mr,1.sql,lineitem
WITH_RLS,CARTESIAN,4,user1,P3,dbo.p3_return_discount,"l_returnflag,l_discount",lineitem,4609,444,104890,4,,Mr,1.sql,lineitem
WITH_RLS,CARTESIAN,5,user1,P3,dbo.p3_return_discount,"l_returnflag,l_discount",lineitem,5105,457,104890,4,,Mr,1.sql,lineitem
NO_RLS,CARTESIAN,1,user1,P3,dbo.p3_return_discount,"l_returnflag,l_discount",lineitem,3680,346,104890,4,,Mr,1.sql,lineitem
NO_RLS,CARTESIAN,2,user1,P3,dbo.p3_return_discount,"l_returnflag,l_discount",lineitem,3985,366,104890,4,,Mr,1.sql,lineitem
NO_RLS,CARTESIAN,3,user1,P3,dbo.p3_return_discount,"l_returnflag,l_discount",lineitem,4060,354,104890,4,,Mr,1.sql,lineitem
NO_RLS,CARTESIAN,4,user1,P3,dbo.p3_return_discount,"l_returnflag,l_discount",lineitem,4028,366,104890,4,,Mr,1.sql,lineitem
NO_RLS,CARTESIAN,5,user1,P3,dbo.p3_return_discount,"l_returnflag,l_discount",lineitem,4077,352,104890,4,,Mr,1.sql,lineitem
WITH_RLS,CARTESIAN,1,user1,P4,dbo.p4_open_not_returned,"l_linestatus,l_returnflag",lineitem,4275,382,104890,1,,Mr,1.sql,lineitem
WITH_RLS,CARTESIAN,2,user1,P4,dbo.p4_open_not_returned,"l_linestatus,l_returnflag",lineitem,3870,379,104890,1,,Mr,1.sql,lineitem
WITH_RLS,CARTESIAN,3,user1,P4,dbo.p4_open_not_returned,"l_linestatus,l_returnflag",lineitem,4213,373,104890,1,,Mr,1.sql,lineitem
WITH_RLS,CARTESIAN,4,user1,P4,dbo.p4_open_not_returned,"l_linestatus,l_returnflag",lineitem,3316,315,104890,1,,Mr,1.sql,lineitem
WITH_RLS,CARTESIAN,5,user1,P4,dbo.p4_open_not_returned,"l_linestatus,l_returnflag",lineitem,3920,355,104890,1,,Mr,1.sql,lineitem
NO_RLS,CARTESIAN,1,user1,P4,dbo.p4_open_not_returned,"l_linestatus,l_returnflag",lineitem,3985,386,104890,4,,Mr,1.sql,lineitem
NO_RLS,CARTESIAN,2,user1,P4,dbo.p4_open_not_returned,"l_linestatus,l_returnflag",lineitem,4015,358,104890,4,,Mr,1.sql,lineitem
NO_RLS,CARTESIAN,3,user1,P4,dbo.p4_open_not_returned,"l_linestatus,l_returnflag",lineitem,3695,358,104890,4,,Mr,1.sql,lineitem
NO_RLS,CARTESIAN,4,user1,P4,dbo.p4_open_not_returned,"l_linestatus,l_returnflag",lineitem,3619,349,104890,4,,Mr,1.sql,lineitem
NO_RLS,CARTESIAN,5,user1,P4,dbo.p4_open_not_returned,"l_linestatus,l_returnflag",lineitem,3610,354,104890,4,,Mr,1.sql,lineitem
WITH_RLS,CARTESIAN,1,user1,P2,dbo.p2_no_carefully,l_comment,lineitem,6900,668,104890,4,,Mr,1.sql,lineitem
WITH_RLS,CARTESIAN,2,user1,P2,dbo.p2_no_carefully,l_comment,lineitem,6658,641,104890,4,,Mr,1.sql,lineitem
WITH_RLS,CARTESIAN,3,user1,P2,dbo.p2_no_carefully,l_comment,lineitem,6667,644,104890,4,,Mr,1.sql,lineitem
WITH_RLS,CARTESIAN,4,user1,P2,dbo.p2_no_carefully,l_comment,lineitem,6828,653,104890,4,,Mr,1.sql,lineitem
WITH_RLS,CARTESIAN,5,user1,P2,dbo.p2_no_carefully,l_comment,lineitem,6665,640,104890,4,,Mr,1.sql,lineitem
NO_RLS,CARTESIAN,1,user1,P2,dbo.p2_no_carefully,l_comment,lineitem,3647,353,104890,4,,Mr,1.sql,lineitem
NO_RLS,CARTESIAN,2,user1,P2,dbo.p2_no_carefully,l_comment,lineitem,3638,344,104890,4,,Mr,1.sql,lineitem
NO_RLS,CARTESIAN,3,user1,P2,dbo.p2_no_carefully,l_comment,lineitem,3594,338,104890,4,,Mr,1.sql,lineitem
NO_RLS,CARTESIAN,4,user1,P2,dbo.p2_no_carefully,l_comment,lineitem,3589,338,104890,4,,Mr,1.sql,lineitem
NO_RLS,CARTESIAN,5,user1,P2,dbo.p2_no_carefully,l_comment,lineitem,3601,343,104890,4,,Mr,1.sql,lineitem
